path	bytes	sha256	launch_git_mode	launch_git_blob	launch_commit	status
build/mainnet-v2-linux.sh	12141	6191d66d79b29fc0c6a6fa871e2982fae8649808608f7dd302f4739fee73c128	100755	85d90507d38a75a45b9ef147924e1ab43d32089a	03388b12f8125ac0f321984730a9906064f48f62	EXACT
build/mainnet-v2-windows.sh	18001	e678b2fd7d42d306452b197784d4d022068a1692256a500d09a8e4917e1ea60e	100755	0886b2a131ed33370a270014b13dc1a351ffdbb8	03388b12f8125ac0f321984730a9906064f48f62	EXACT
include/compat/base64.h	2673	99c6e626b3cae19e5ac07f6db9620ccc5573f8a3a8f0dc545538f8c9ec1a0f7d	100644	7d5becb8259f46890e0fea754dd54978c5e16862	03388b12f8125ac0f321984730a9906064f48f62	EXACT
include/compat/endorse_guard.h	5119	010614813846dc1e6acfa182b071268fe7ad6f3a3f933f7cfb9297ca82b06cf1	100644	0a402661065698cb81f8420165bbc59058034a0d	03388b12f8125ac0f321984730a9906064f48f62	EXACT
include/compat/platform.h	11000	5324087c2eb54044af7da69bce05617173cb7ede76068408ab0c59c1318005e0	100644	b7c0b87fb7fa0afad9071f4836d2c1430ed9d173	03388b12f8125ac0f321984730a9906064f48f62	EXACT
include/compat/process.h	28051	487e4ab964b0ed7615d97ce80b7772e08c247ea27f6af33d8a263cfb8acff8c0	100644	a7852fc534d783ef2a4fab78bec78c0e5588217c	03388b12f8125ac0f321984730a9906064f48f62	EXACT
include/compat/secure_string.h	2731	f50ac4d5d1555b74a398ec3b451028aee40e88df215f76fb8b28235becd86649	100644	b86ad12bb710d9d07d9f659f900a361eb0a4b5c5	03388b12f8125ac0f321984730a9906064f48f62	EXACT
include/consensus/btcveld_amm_gate.h	2796	121392385c4a42ba4e626129db4e3806f7ba69f528af3ba0d6a5072f873402a8	100644	825255c7f92cdaf69ce24ea5a75d62ede892a426	03388b12f8125ac0f321984730a9906064f48f62	EXACT
include/consensus/btcveld_anchor_floor_store.h	17949	8d5c5705f3ed4777520eed0c463d285b44e09e2914879e0dd2c74e0a2db1ff40	100644	0885a91840005cd453e670c6d88a633198e8cef4	03388b12f8125ac0f321984730a9906064f48f62	EXACT
include/consensus/btcveld_anchor_params.h	5411	23b051932061f85ee7c647320890da510f20ee8f273f455f74383c34c4d4b173	100644	3af2769ae33938d7c64310ac18ba5c3b0f9b4065	03388b12f8125ac0f321984730a9906064f48f62	EXACT
include/consensus/btcveld_anchor.h	32687	d6119668f7473a004fc5f88f32d7e4315dbc66e905f8e42fcd9b6f3ce92b8814	100644	cd64e470ee6f44dd00c73ed1baf5097f2de9caa9	03388b12f8125ac0f321984730a9906064f48f62	EXACT
include/consensus/btcveld_c1_reservation.h	14711	94e9850a667ecfc26c32ddefa0d7d4870c7c7fe901692bdbce123b52f4727152	100644	f4a7f98970ed34b547393fc31f2f5228c17b1f4b	03388b12f8125ac0f321984730a9906064f48f62	EXACT
include/consensus/btcveld_mint_nullifier.h	18631	8532329ed0725d658101150c7d8cfbf9bc8861f978ff310f6fa9e79a9e90afa3	100644	099fd8a669aa817b9c82a137f328c861307b04dc	03388b12f8125ac0f321984730a9906064f48f62	EXACT
include/consensus/btcveld_mint_policy.h	20731	73e9fba99d94f7138eaae43c4e8ec1c9f0ef46d2f2ed222b56e555251ed12f2d	100644	3046d5ace79cde797e1069895815cb32e50309b5	03388b12f8125ac0f321984730a9906064f48f62	EXACT
include/consensus/btcveld_peg_gate.h	3325	c594bd9284d4dd7b0c13ebf2a78f4f03b6a8d8cfb49070b15db0223434ea82fc	100644	0a778661ab5c821b340deb16016441dd23ae1f55	03388b12f8125ac0f321984730a9906064f48f62	EXACT
include/consensus/btcveld_redeem_guard.h	3899	e387c01a8a9432cb841ee629bca8da72f4731d8ee9403e8097acfc76e425dfe2	100644	bf3d4b7cbfca1e98ac28faf1046cdd9379e1c69a	03388b12f8125ac0f321984730a9906064f48f62	EXACT
include/consensus/btcveld_redeem_params.h	2281	c90377351ea7bacce50483664eb0d0f6824f7b2ef57aa7072adab86f38ddbe8b	100644	ac83ca9d06760f564b18e1eb117a4869fdc381ce	03388b12f8125ac0f321984730a9906064f48f62	EXACT
include/consensus/btcveld_redeem_spk.h	2164	43d1ff1ac184a6dae2bdef6ab6d2bed275642ab6c5d48885c674e8876e9002e5	100644	76049f30fdf823dea33f456651be203e38a1b22b	03388b12f8125ac0f321984730a9906064f48f62	EXACT
include/consensus/btcveld_redeem_spv.h	21022	d11647394bc1746ec0b18c2cfc0ca441b82455297c71b909d9c99825251bf27e	100644	07a878f6278f1f1fa360b2c82dffb174702ff12c	03388b12f8125ac0f321984730a9906064f48f62	EXACT
include/consensus/btcveld_relay_policy.h	9260	f6a5639e35b4390731adc02b1694c9752e31b0bdb5781b79e3b97ce234df99b8	100644	b233fbbfbbfc2f6861d7ea20678cc4e35b810e31	03388b12f8125ac0f321984730a9906064f48f62	EXACT
include/consensus/btcveld_reserve_transition.h	62266	0bb5e57cbe8b36dd25492a0c6dd9332ed6fc34582365308fd0fe1d8bd2b98235	100644	3cc23172e9767b3017e5dfc2b4c3a7c2184b29e2	03388b12f8125ac0f321984730a9906064f48f62	EXACT
include/consensus/btcveld_signer_bond.h	30846	ed32dde211dc33fb7c623686408d43aeac1ef7a34de73de45f63a8ccfbb5a23b	100644	b6539025ba5282b2f9f0315b2f163ab669c1a969	03388b12f8125ac0f321984730a9906064f48f62	EXACT
include/consensus/btcveld_spv_params.h	8339	728663b2e5db149e5a8a4c44b955214e0565602affba776a1719b3c288594c1c	100644	6fe17a256e03677079a082d52928b52b1a048475	03388b12f8125ac0f321984730a9906064f48f62	EXACT
include/consensus/btcveld_tier_ladder.h	5597	9416825129ee9c871487a4d15bcc6aba3c4f44c3c39c9a8245d15491995803cb	100644	93b035872fe7b55c75c44e3bf57c5764e36c9cb5	03388b12f8125ac0f321984730a9906064f48f62	EXACT
include/consensus/checkpoints.h	11053	b7025314123d23bd63e88ee42a230c6e8ce5a01e0c51710e859befb63bedffa5	100644	72cc01d0f4b19287f2812c4cbf303cc89b7ea701	03388b12f8125ac0f321984730a9906064f48f62	EXACT
include/consensus/finality_codec.h	23358	75f761352ef3527a5d2569b9894df019e03127dc067eb09ad141d92e0d19ddbc	100644	df2fce254153157c939e9931ad49f80100aef36c	03388b12f8125ac0f321984730a9906064f48f62	EXACT
include/consensus/finality_daemon.h	20119	e1932b1e8299ac6da8228ed62f79fdb3d3403ec46e25788fcf7f1c77f2b6c95a	100644	070143cfefcbad8992b28d31f135ddce11f24734	03388b12f8125ac0f321984730a9906064f48f62	EXACT
include/consensus/finality_equivocation.h	37879	f70458d8e5897714736d49bbafd30ff6d893a03325037adf270edc73e6b734d9	100644	d9dcda920e7a1014268df8663deaa5e93d26c073	03388b12f8125ac0f321984730a9906064f48f62	EXACT
include/consensus/finality_producer.h	28384	5d53ae349895279d33cfa40c125d39e9c1282c63d87047d8a0dec5a32f1508b8	100644	01f9fd105b52507523e09fb82938a9a06092c244	03388b12f8125ac0f321984730a9906064f48f62	EXACT
include/consensus/finality_qc.h	27619	d080252ca6f6d3ecb51dd4c109a1c62335296a3a6d28624e08aecb235eeb64b3	100644	b75a83e2bfa8c35c0e874220bef95cf241cf0cc8	03388b12f8125ac0f321984730a9906064f48f62	EXACT
include/consensus/finality_snapshot.h	5844	e3f82f1c09441ace98b7106742b66e971cef2540a60b92c1f12baa7df5d58e2a	100644	6b08f639a89db6a25cae19cfac472057c065e6f0	03388b12f8125ac0f321984730a9906064f48f62	EXACT
include/consensus/finality_state.h	9251	6496158a5f524ca6aab6aeed65945fc9c4207866057aeb3e96c36ab3008b1b3b	100644	72216a92165a6170080ab7136230fec2545403c8	03388b12f8125ac0f321984730a9906064f48f62	EXACT
include/consensus/finality_votes.h	12324	3ca6842fde7f8761017cdcf62aa16b9e2727219367c99e6b5f92ec132aa2af99	100644	fa14c68064d0a6a732987368ffc7394df2eb6576	03388b12f8125ac0f321984730a9906064f48f62	EXACT
include/consensus/finality_wire_profile.h	613	c02ef0da819292076a011c24fe7efd23cdc3a8b01a14e9ac1e743a3a65e9186b	100644	c720c0ce34922c4fc780f7fe34e61af32f632765	03388b12f8125ac0f321984730a9906064f48f62	EXACT
include/consensus/governance.h	63375	8b2aa3488f1aa146153c9074d0be742139fb4f6e033218406036a135eea41992	100644	1a6a9f10eb274b002b11e75be27f75f1421ca84d	03388b12f8125ac0f321984730a9906064f48f62	EXACT
include/consensus/nms.h	13123	58d811e54fceba9df9a6ead9059914b997a495593459b4bb060a7f3cf1ee9a30	100644	d0d754e391aeccc176e91b0756fa4eed50856e24	03388b12f8125ac0f321984730a9906064f48f62	EXACT
include/consensus/staking.h	35248	844a516304811fe5a41a59d1a4347bbaa8f7ad2ee2a952b33c108a6e904c265f	100644	eb266da18b4c1d3388c2353cad74d1eca14b3ac0	03388b12f8125ac0f321984730a9906064f48f62	EXACT
include/consensus/state_digest.h	19519	3dd784bb3a3fdaad60772ebae21029e15108632426f09c41380f4ddf16fcdb9c	100644	7be4e0999f15d823956663e579bb9ab55976e24a	03388b12f8125ac0f321984730a9906064f48f62	EXACT
include/consensus/tiers.h	9210	1c3b12666dc2b04720c5954494042d57662f06ca86f532c617cd7614d8549c04	100644	06a1b247bf9611ddb57ed909ea0f972a34158b58	03388b12f8125ac0f321984730a9906064f48f62	EXACT
include/consensus/validators.h	141072	f6dc605afd8a2f940d094b7f908cae29cfb38f4ffaadaa6ab0b1a0c10a83b04a	100644	3bde03a2b26d4dd8d7476e2fdfaa5f647e40feca	03388b12f8125ac0f321984730a9906064f48f62	EXACT
include/core/amm_pool.h	89382	c28bf153117ca304b8745b11b865dcc609594ce4a579d4ef1b6c82cfac4a6659	100644	4b0b082cc4679b58d400848a8e0d9f3b921a7299	03388b12f8125ac0f321984730a9906064f48f62	EXACT
include/core/block.h	10633	db6bbca9c07e347e5275befde05a4d6aac762d10d3616763fe7729acbbfd1830	100644	8c6f8cd8432ff139dd6478a3d615879859ca13b9	03388b12f8125ac0f321984730a9906064f48f62	EXACT
include/core/blockchain.h	422083	d4aa60f9a9f3ac7222cda641d1902656ae3ad85d584122f2596b2377925b8062	100644	52836fe9caa5432cf70b4760ee54d5c6bfb6c7f4	03388b12f8125ac0f321984730a9906064f48f62	EXACT
include/core/btc_deposit_verify.h	32271	723550b77f5e463c7f1c620e9de40255656a6aea777d8e0759cc7d2e032bea4e	100644	c9f4f1d9a1cb40dd1b6c77bf2102797b3206d1a9	03388b12f8125ac0f321984730a9906064f48f62	EXACT
include/core/btc_header_chain.h	22897	3e0637ddb0b3da6ee23c251c02d2f894ce6569a0f741a68652b147fb189e2b6e	100644	7094abfd988b8bdb8cbe1c7d729e0034467b8de4	03388b12f8125ac0f321984730a9906064f48f62	EXACT
include/core/btc_pow.h	9945	6060beddd78aafd28a74eaa20449e07e1f40195ef903aa49666d192cf81155db	100644	27abf73fcf888c1e5848b0d3862862691ceb22ac	03388b12f8125ac0f321984730a9906064f48f62	EXACT
include/core/btc_relay_op.h	2322	d6c319109fcb82d941208d88c0876a990068d4366921c87b7aeb829473182551	100644	fb5ae6c79fff1d7b13e1945af0429ff066e0f756	03388b12f8125ac0f321984730a9906064f48f62	EXACT
include/core/btc_relay_order.h	5106	f58d78a7aa086e9df718331b24136bfd525841d6cd86f4d01b14e4387290c9e8	100644	2e41d167e079d5561294eefcf2579fdec8ea7d27	03388b12f8125ac0f321984730a9906064f48f62	EXACT
include/core/btcveld_supply_snapshot.h	1629	b76c41678ca1884bd6efa3e82014ee8662320b081942c8ca7924cdae90566a9c	100644	743393b6e07d98fcc3adcc7a37f98a2c58069e32	03388b12f8125ac0f321984730a9906064f48f62	EXACT
include/core/canonical_numeric.h	885	bca8091b1035aa680452877644c9fe37184d6ff5bda5fb1f4dac1c7157fd1bed	100644	f15aafef70c474385f6917ca5d2a254eaa7e5ff1	03388b12f8125ac0f321984730a9906064f48f62	EXACT
include/core/chain_work.h	4746	beb4aae5258aca2055c58d96320a2f0d8614955cea14c71a83958fa6dfb78e45	100644	477c7e371e7bc3731f84343bce186386389c2b7f	03388b12f8125ac0f321984730a9906064f48f62	EXACT
include/core/constants.h	38055	3bc977fe3a68451948a932cd8ab8b17395378a52cd789e75f398ced7f79f6231	100644	3716380f5653b35027f40b2fae0f1f70a49f9e5d	03388b12f8125ac0f321984730a9906064f48f62	EXACT
include/core/hash.h	3537	35de761b117015540795c4919b7d498ef473808be7f3ff060af073d290f542a8	100644	2b63761280b000ec9e9b866bcfdafb4d2301e3c4	03388b12f8125ac0f321984730a9906064f48f62	EXACT
include/core/json_escape.h	2906	2ebc35a0fda4bad011be10df3d1cc6454abcaa5af845b91e5a537be70b0ac9ed	100644	4d355158682e945bb6497ef4298a3976fcf69eda	03388b12f8125ac0f321984730a9906064f48f62	EXACT
include/core/leveldb.h	114469	f82f1dd65163f16acf3849b3274662640da44c412022705de245d205be4b51e8	100644	43d6c6d1688b2ec83b766e4bc10a1ba7f69efd5b	03388b12f8125ac0f321984730a9906064f48f62	EXACT
include/core/marker_composition.h	9669	97501bd0993b622c4a7847f0a808f97c5dfadf220827add6c3009274cd6bf43b	100644	d93a885229a240ee6dbad0254e760ce571e6b393	03388b12f8125ac0f321984730a9906064f48f62	EXACT
include/core/mempool.h	116242	e6b37dc5dbe2ace6733e113acf8c8ea4607dd3ca3a85ce559bbe07ade712acf0	100644	d0145e27d25d8122beb82deac7e45e2568ffce63	03388b12f8125ac0f321984730a9906064f48f62	EXACT
include/core/miner_archive.h	18475	da45e576b13ddd8eac6a4385a78fc6d8fd93ac406c3cab7fb90439febf781bba	100644	c70cfc1b72ea59fd7f9b75f61bc7e54c36f9e001	03388b12f8125ac0f321984730a9906064f48f62	EXACT
include/core/mint_nullifier_index.h	28844	ee447f189e4726ff5663b21dfbc91c99da42dfbc4471d72e1c808b5cac273108	100644	8d86de2772c340f488875a8b42f12bdc25fc639c	03388b12f8125ac0f321984730a9906064f48f62	EXACT
include/core/multisig.h	6308	b5c466c8d29affcc9e0ada6127dac788b8575536398962ed1c580431c120e11f	100644	1518018b34d5dfa7ff788578f50833f17dbc2e33	03388b12f8125ac0f321984730a9906064f48f62	EXACT
include/core/onchain_tokens.h	150513	999ea01edc3bc27d8bc2c6e79ec9c674e87bf7c9e75a528025016432c845e1ef	100644	09d6c18be646f454b2aa2cdbfd6106349a08a4e0	03388b12f8125ac0f321984730a9906064f48f62	EXACT
include/core/op_authorization.h	4952	ef96edad039153203f298c0ba5c3ef21f03f732bdc74dc7efdad06d1683a1efb	100644	200b558fe9e293d97c41d03ce2a2be549787fcb2	03388b12f8125ac0f321984730a9906064f48f62	EXACT
include/core/pow_target.h	2669	7721fd0689ecd66f01ca39edc7f56eef9c56f1c8575167751d6a88cb3d2edf7c	100644	7ac51b9650bf5b59c9bfc0bd9244b0dbc64291ae	03388b12f8125ac0f321984730a9906064f48f62	EXACT
include/core/pqc_script.h	1885	3c3572ead13ad413ce81c4b08a3670b5d9b1c1954aaaa9f0bfa7b6db9ea61bf4	100644	6aef4c691e18260c89882cbaf6d4220ada890372	03388b12f8125ac0f321984730a9906064f48f62	EXACT
include/core/redeem_index.h	13890	8c1c0e5b3c3fa7fbc6436d0073b281e340dc4ef5371b1f723abb82dbb008cd5c	100644	e76a61e4651cbadcc092215d8bfd3a52ac114b9e	03388b12f8125ac0f321984730a9906064f48f62	EXACT
include/core/script.h	32724	2595e9ea28f2db15f01dcdffc4669cbdd97cfef9e74c2be0072686e0e796c461	100644	d365fa8e24f963e6f7520816ef344c71914455b3	03388b12f8125ac0f321984730a9906064f48f62	EXACT
include/core/stake_marker.h	3168	9cea23d27631a107a1d6ba1e4da8f8219353b298f2cf1daba666dee7a4a02895	100644	7dfba9cfafd9137ff9a21c7c615d22ac988b914b	03388b12f8125ac0f321984730a9906064f48f62	EXACT
include/core/storage.h	10013	ab4fb371f7dc3db59ebb27ae9512a06aade43a8bad0a333cd94631fdf94d8a82	100644	bce8355dd1805c647015c751cba54c8da1bd22cc	03388b12f8125ac0f321984730a9906064f48f62	EXACT
include/core/transaction.h	19901	ed6b4e2b1d707c40b672823597f0f2acfaea21cc1083f449817b4de957cc088f	100644	387b6470cbd8de6248fca7d008568e02de11c2b0	03388b12f8125ac0f321984730a9906064f48f62	EXACT
include/core/vault.h	3663	e8109153fa5e7bb9c60ff30481d02bc517c66d4eec3bf208dab11e2787f6fd69	100644	94c2e48ad56797639c61089fa55165121d6de8f3	03388b12f8125ac0f321984730a9906064f48f62	EXACT
include/core/version.h	3428	fbf24d0b59ac622b248fd2e1ee6b16ce53eaa9153c22715e09e30d546db998a9	100644	69a18322b73567cc99b6fe38d0a61add9128843a	03388b12f8125ac0f321984730a9906064f48f62	EXACT
include/crypto/dilithium.h	4246	344c94f2490b6afd5ad239411ccc6b950cc78b61d4d5c2bd0b05b536cec73cbe	100644	01c53941cc6fde7fd90280e94e4e5a8c53509182	03388b12f8125ac0f321984730a9906064f48f62	EXACT
include/crypto/mldsa65_nist_kat.h	12251	815ba0a5536669f3e2652b94d560759e6b5037410f2011382e8c00a550ddfc8f	100644	dfe825e20c09a40bb92e24654e403bfffe09d1d3	03388b12f8125ac0f321984730a9906064f48f62	EXACT
include/crypto/release_pubkey.h	9382	90e08cbe3d2fbdc5d85c039a687add2c5f834f788fa9c463e2e66dea4136da4d	100644	e660b14b0e4e4aaf66e6dd13bf09f9bc8f9943b5	03388b12f8125ac0f321984730a9906064f48f62	EXACT
include/crypto/release_verify.h	2772	114ae2e4a966974d13de8618db760396333d49626ff56f3adce2843c1c590244	100644	7993bc414f27ff6f14870973d19efba89c2220f4	03388b12f8125ac0f321984730a9906064f48f62	EXACT
include/crypto/ripemd160.h	9008	c99db5f7f0b50df718daa87673cc41030dce02a3ffc8928254c7763abc5926fd	100644	fc1b2f264fa8babd4809569018ad7abc7e1ea82e	03388b12f8125ac0f321984730a9906064f48f62	EXACT
include/crypto/veld_signing.h	14188	e3b98463e3680156882eb582ed38bc0cd9913d10f57a09c5973b318016f15c38	100644	1c712e2fd36be5896effc39672cbb5e97d76f9a1	03388b12f8125ac0f321984730a9906064f48f62	EXACT
include/crypto/vendored_pin_expected.h	367	c07b991092fda995630bb0b1a3fe71cf03ad81803e0fe6d471c71e9a2eee3f5d	100644	2fdc54f7068e930ca74b3fd8625514e151045281	03388b12f8125ac0f321984730a9906064f48f62	EXACT
include/crypto/vendored_pin_history.h	1256	dcac6e31e580896634ce481db20218c6187ba2508b95d2f18cc1cfc099ccf9d0	100644	773c036b0792ea977b6317374a8d1625a00b6b1c	03388b12f8125ac0f321984730a9906064f48f62	EXACT
include/crypto/vendored_pin.h	323	253f7dff8e87d93025df0aaba47fbf37e7e924c1c254f30a2f67b2fcd2e8cca4	100644	b2fb4b50f803b5e7d9075da2f9d9e274e867df26	03388b12f8125ac0f321984730a9906064f48f62	EXACT
include/crypto/vendored.h	60116	88d5ad6faeb0e54a806563d4078845dd48e50ea4915d5d1410235d737bf52eb9	100644	73b9677b88fd6be206fbefa4b5fd54aeed646993	03388b12f8125ac0f321984730a9906064f48f62	EXACT
include/gui/node_gui_model.h	18205	1342b169533222cec29b20f428313108dce167110413e71e72915d2ceca0e73a	100644	5b2f68d93cb76b01e61fe9e3d51d7eef121ec404	03388b12f8125ac0f321984730a9906064f48f62	EXACT
include/mining/genesis_pow.h	1118	ff1accac6913da8a71913d2bb9f024164c96007fc0e725791bbaab80f9a0e0e1	100644	093a8df2eab2392f54495cf4c74ecde315d106b2	03388b12f8125ac0f321984730a9906064f48f62	EXACT
include/mining/miner.h	3106	3b397a98e8e9e933ec38df51bf690724499898cebc0e961f6af64f0fde4982fa	100644	2cbfefe5b220943813796405f305704bd780985d	03388b12f8125ac0f321984730a9906064f48f62	EXACT
include/mining/preflight_selector.h	5772	7e4dbe5e3a5707fa29e763820a72a16055a5672383065d7beb562f1e21a640d5	100644	c610306e8e945a93bf28b966afc49acb5b64ad6e	03388b12f8125ac0f321984730a9906064f48f62	EXACT
include/mining/veldhash.h	57460	597397c7b9915cc496408caf0086efab01a5626183845aec3e1aa3716776ea02	100644	4a206e65bc3f9e68fa0bf1de12c001fddce38d80	03388b12f8125ac0f321984730a9906064f48f62	EXACT
include/network/chainparams.h	5099	df152e661288245ce178829d6cab73cf615d413a07f18555e72d576b2738b24f	100644	6e3d8df7b9197a405aaacc18c0fbe1cb44275cd1	03388b12f8125ac0f321984730a9906064f48f62	EXACT
include/network/covenant_client_js.h	7499	7ea1c4b69ec4f204b3b0ec0dbe532430e3a5b8d43c17d4a54cd82740cc3ad142	100644	1dfaa413a4736249aacfefd88778a7ea32f12966	03388b12f8125ac0f321984730a9906064f48f62	EXACT
include/network/dilithium_wasm_js.h	64193	70bc510ace3fcd18014004d8099c1c9798664f0c43f389e4f70776be4872bf95	100644	50b0da2fc8062463d808de327741027894a4cd1a	03388b12f8125ac0f321984730a9906064f48f62	EXACT
include/network/explorer_dispatch.h	2933	d5eb549d38133cd15c581ab8a099723e69a5f04fd648dc053a3a95e865dada9e	100644	932d3cbd4f2845e0ba2ac48b8b8fbee18f8a0061	03388b12f8125ac0f321984730a9906064f48f62	EXACT
include/network/explorer_icons.h	190518	d4de2f7f4f829ef16672577a73e7e4f7d7745f4abe9df71d1977610a93c0d610	100644	a17805f225cd95dc02899eff809fc8a1a00b59be	03388b12f8125ac0f321984730a9906064f48f62	EXACT
include/network/explorer.h	669727	1ed0d3a64ce37e20bf486dd5fbbdf28814af5ccea9aae48ea9046f279b8ee2b2	100644	2e9676d3550d837fce623a9e09092907ae040d66	03388b12f8125ac0f321984730a9906064f48f62	EXACT
include/network/finality_rpc_limits.h	6970	600703e298ba7609bd161ee6d7528252a24b90445de9081a7edd25257545a551	100644	9d3c92b72e5bee6a03a9f52c5b2c9ce7b9108f43	03388b12f8125ac0f321984730a9906064f48f62	EXACT
include/network/jsqr_js.h	130918	7715ad86ee738a61ffeaf458c61f79e97c747bc0a60f41dadf0e72bacde95743	100644	063426ba3e9ab6689c137117213e023fba5dfda8	03388b12f8125ac0f321984730a9906064f48f62	EXACT
include/network/listener_activation_guard.h	610	d83685ddd6cb2a635c97c1c106ec8326bc9fb1ac4cfc4c4ea931bb62f6ab93d4	100644	16b4b086743d396e5aa9d63cc9cf7c29e0a25320	03388b12f8125ac0f321984730a9906064f48f62	EXACT
include/network/nat_traversal.h	38478	93b50839b2f0ce5a7a42d257249bad9daa52e34b7b49cd30ab476ba9d9d138e8	100644	7601643a362f056487909870a04437ee1f94e223	03388b12f8125ac0f321984730a9906064f48f62	EXACT
include/network/network_identity.h	6471	1d586b744b7fb283c6c1d1c343aa6cee4ead737c18ac46d5b99269d5786facf2	100644	0698e69b160c1aa383d3c986f7b158ea09e32350	03388b12f8125ac0f321984730a9906064f48f62	EXACT
include/network/operational_key_identity.h	3785	c1240a4d093fb832cb7a641483764c4dbb0a0df51cba63e430355ef60e0c1c55	100644	d2f329ed149c082569190e1953c86c91b60a9cd9	03388b12f8125ac0f321984730a9906064f48f62	EXACT
include/network/p2p.h	25667	49b124126dd11bae2435c16468b98514db2d396451214dfc376ce5c53df222a2	100644	1c6aac789e8c94a096a4cdfed40c0288ef7af882	03388b12f8125ac0f321984730a9906064f48f62	EXACT
include/network/peer_state.h	2888	a49d86072f67d8f3742eeb8848bef2f6f81adf88e6da4d9a442e66224db0a7cf	100644	c8499596ed5f30fa5f3713b115dd089fa75d3e1a	03388b12f8125ac0f321984730a9906064f48f62	EXACT
include/network/public_testnet_json.h	15933	403bac4fb81f7e4c8848d0c242685898ef5d39fab2d5f0fcfcce6cc919e904d5	100644	eee197f0a28b27f7e5febb133353a2f94cd0d689	03388b12f8125ac0f321984730a9906064f48f62	EXACT
include/network/public_testnet_runtime.h	46510	50cbe02eaf6e1e6ec95f21a193b513ed5169763698368f1d57361e9de3d46142	100644	94bda241599a9843672bb4f3cc23dccaa2d7ef2f	03388b12f8125ac0f321984730a9906064f48f62	EXACT
include/network/rpc_http.h	37465	5ea316af71390d915ffca4dd9f2e4a74f771e9ee78de783dac0ca6b4fe00f215	100644	37c834cb93b584ccf4e6e485cee42441457bfec7	03388b12f8125ac0f321984730a9906064f48f62	EXACT
include/network/rpc_method_extract.h	8192	dbeb18be880b106865f4ba18ad45ccfe70bffdf448bf2b7525a27e723573b590	100644	0ed76606149d7abedea36cda21696af552e8aa1b	03388b12f8125ac0f321984730a9906064f48f62	EXACT
include/network/rpc.h	430936	9a82062aad68164e74ed46cb2cc691782dbc7e94be86567c187b58f5f8871e8a	100644	fe25875b835484d0006f4ce7a2a10f711eece0cc	03388b12f8125ac0f321984730a9906064f48f62	EXACT
include/network/seeder.h	43659	92c5acb46956d1124f819970b4f22c946eacc3b0b150ae1897b89aba2a2c0d6e	100644	96cfe61ca5e8181b2c464d8c093eccc5f41dc145	03388b12f8125ac0f321984730a9906064f48f62	EXACT
include/network/strict_json.h	12091	22cab511c7591b3d36c9e0b03e3c9ecb1d068f68b07af27c6850f293b466a189	100644	47210b217a2a27649221b34ebee46160e6480ee5	03388b12f8125ac0f321984730a9906064f48f62	EXACT
include/network/tcp.h	514077	dfbf5ddcf22d8ea1314fee589c38d5700756b564b6f0add9d2f4ce06e2b23cd9	100644	c88d640b818e3a5d47791a40a5af8d0e8bd336e3	03388b12f8125ac0f321984730a9906064f48f62	EXACT
include/network/tor_transport.h	25238	c15899174ece8b60af15d6caacb46923ef41a86763e9809e114f95a89b87d374	100644	8049eea888988eba39c1c1ab7613c2b4d992c59d	03388b12f8125ac0f321984730a9906064f48f62	EXACT
include/network/trusted_proxy.h	7106	2400e58ee63cfd31915af2fe05fa364590c61832b3ce43835c1cb58d7d54be9a	100644	e32504174f741f15a054d74162b929350d3c8fbc	03388b12f8125ac0f321984730a9906064f48f62	EXACT
include/network/ui_desktop.h	1063572	489c9e42ef750b97d103fbb0a704a864c8c61bfb97e8ef93a355ced3171a9c9b	100644	c19268f85578a99f8b5973759cda368e31e1373a	03388b12f8125ac0f321984730a9906064f48f62	EXACT
include/node/block_template_authorization.h	20624	9b94d05a57d6e39bf7585826b344cab7e6ac894d72a0e8601c33b48c28819cd4	100644	cc255a8822851d7dbd2bcb20e728e4863a90c0a5	03388b12f8125ac0f321984730a9906064f48f62	EXACT
include/node/full_ibd_receipt.h	21831	bea066c1bf512f9e04e21dbdb458429c5e98889063838cfbaa9d3800cbc2b995	100644	b616d9bf6cb1440b2d166a96b72fcb4cb4667b29	03388b12f8125ac0f321984730a9906064f48f62	EXACT
include/node/ibd_policy.h	2792	a40e3f94bba70475dce5c12a07ef5bdf38acfd656c62800a488f17d316a5f59f	100644	e364ddff906e7c2b662ad7e31efa3287131870de	03388b12f8125ac0f321984730a9906064f48f62	EXACT
include/node/node.h	763720	6f7886ae2987973c5c624716c0d7f5c7390881e27070678fbd2c00f69230e82d	100644	88823e21471b50227969bce081d2b678d1399bc8	03388b12f8125ac0f321984730a9906064f48f62	EXACT
include/node/snapshot_manifest.h	5334	70a4b7623d5198a23232f15d1592958de6b9432680d0c79ecbe530dc3e4686f9	100644	a9599804540cfaf4b534f06512e58cb56ea3e2bf	03388b12f8125ac0f321984730a9906064f48f62	EXACT
include/node/work_admission_coordinator.h	42112	3e65c271963afaaf0c96c31d4a022de4d44e707c5b22215f166fc56dc2055157	100644	989ffff7084a653884800310ac4335f8e3159603	03388b12f8125ac0f321984730a9906064f48f62	EXACT
include/node/work_admission.h	9948	8d86fb560ccf6d4e7d650cf01776c9f70cbcfe4f795e80379868b862bc65b1ad	100644	f999cc8c2c2f7ed729f2987c5eeef7617184e385	03388b12f8125ac0f321984730a9906064f48f62	EXACT
include/wallet/browser_keystore.h	10395	4b7aa4442863b707573f1914df865a8415dff56251bcd8c812710733e0469159	100644	207b77dde2ad28c958d63933bb617b0f301b52dc	03388b12f8125ac0f321984730a9906064f48f62	EXACT
include/wallet/cli.h	19635	5f6a6df93851cab83961ec67f5e780a02d8f0edc65d5b614b918c7c47dbfb5aa	100644	ae367de4dadeab320919614492bec94731084fc0	03388b12f8125ac0f321984730a9906064f48f62	EXACT
include/wallet/offline_signing.h	26497	c3e48fb28085a33af200e65d325d6e40857a46b4ecd09173f30ae8aec2c9f2af	100644	1bbad21a63416d1df4093958d0cd33d765eef882	03388b12f8125ac0f321984730a9906064f48f62	EXACT
include/wallet/passphrase_policy.h	3392	3e2a138910b5cae345974bb5434d8d451450eac2907eba0d62d8dbf2cd3d3b29	100644	f2b9bfc548339b86b378631ef00f99b7226d2961	03388b12f8125ac0f321984730a9906064f48f62	EXACT
include/wallet/secure_channel_file.h	39169	cb27f51f2b8670a922cbdf19e73e33a87562186e234eaa68cb2b668c0b56a615	100644	134bd16932b7ee7778c0816889b82e81a72f7863	03388b12f8125ac0f321984730a9906064f48f62	EXACT
include/wallet/wallet_crypto.h	26189	c569f294569db0b494c4453af49c5debf2b7448aa812344e65c5be7a94f7aacd	100644	a59bdaba8792189f53395ea4f1c6d1792e669f1b	03388b12f8125ac0f321984730a9906064f48f62	EXACT
include/wallet/wallet.h	8087	5be78d84d1ae8fe6b025120e9a864d6e661ce26c5a7c023eb502361fb717ab7b	100644	70462def62becf3e748a2e28ec4838107e554697	03388b12f8125ac0f321984730a9906064f48f62	EXACT
pkg/README-terminal.txt	1224	6b416fc5ff9a443c39507043fa93d48699794a1cbbb06c72ad3bbe18c82e0764	100644	976e16e391a9578b982487b9adc1204cfb1c7dff	03388b12f8125ac0f321984730a9906064f48f62	EXACT
pkg/reverse-proxy/veld-public-services.nginx.conf.template	3739	0b65cb4d02d3781381270f727b4c626938a2ab5b53d5e7c382676fa266f73136	100644	f446ed398e1edcff842e1b47f67f40bd908df293	03388b12f8125ac0f321984730a9906064f48f62	EXACT
pkg/Start Mining (Clearnet).bat	642	efbfcb68d501a43b7482e10432c4e701b3911e4812f62ab4f30f5ee96b318c2b	100644	a9d9d22089825a0c4090634d9353a01b477e5492	03388b12f8125ac0f321984730a9906064f48f62	EXACT
pkg/Start Mining.bat	21985	36b13fa25f0c07e2e940e34760da37b2cfbe5a3316baf52aa99c8dd012818802	100644	40b48be63a3ac8f6849195d6b72368cf1e27bc7a	03388b12f8125ac0f321984730a9906064f48f62	EXACT
pkg/Start Validator.bat	12403	93888d0e3f06850c53d99ee25110ce9c38eb57a8371de9635e84b56d5f727deb	100644	ba3f3fe17d6025fc772ac5a2c4832c1b202ed1b8	03388b12f8125ac0f321984730a9906064f48f62	EXACT
pkg/Start Veld Node.bat	4267	63f770497ae642aab466f44e62a6aa825395003cba91bceab2c1c21a1ae5a60d	100644	936aa95b28b467d086e1f5d1a26c4d76594fd1ca	03388b12f8125ac0f321984730a9906064f48f62	EXACT
pkg/tor-setup.ps1	18740	4314c8a9dadf50dec8f40a34ad1bdce82e091faca3c6708fb99ec78d7e3369eb	100644	3a12db1915c1102d03c5341cc8ba1f446de14b85	03388b12f8125ac0f321984730a9906064f48f62	EXACT
pkg/tor-watchdog.ps1	1747	de0a5f6d9abba6a597e63746561a5326662d26e855f9f8427c7610b6f4ea0f74	100644	82375c2015e8d1a7152c9bc6c2cb1f875eb2e547	03388b12f8125ac0f321984730a9906064f48f62	EXACT
pkg/veld-reachability.ps1	7337	e0d6f778c9872204335c884dca5f168963e48012d474b71458f26bf8f0a70085	100644	c4fa5e15d23559b75e704af605b92145c77c185b	03388b12f8125ac0f321984730a9906064f48f62	EXACT
pkg/veld-update.ps1	51911	49f2bb224b2c26036a7c2e0996ba6419de0fdbb991aec9be5f4cae146fcb042f	100644	ec2374485a83140af03e718117aa99e6228761d1	03388b12f8125ac0f321984730a9906064f48f62	EXACT
resources/veld-explorer-icon.png	267424	11b46fb4642ff052eb1d51ba96a8c01a93d2fc41b7fbf2ec2c358f33cb0706e4	100644	3f8ff95625daca7d625c763cf753e9714cbc6b1e	03388b12f8125ac0f321984730a9906064f48f62	EXACT
resources/veld-explorer-icon.svg	1213	182fec73fef18e7c536176e5d1b7d87e98bbf2f3cdb7f1ecb21542385f1c697a	100644	2765c54c4fe9320df64c906bf59b4d2e1b7077d6	03388b12f8125ac0f321984730a9906064f48f62	EXACT
resources/veld-node-icon.png	558442	06dcbcbcaf6d396b402fbf07cd1858537722bcf093764cab09132eb0a9eb6ac3	100644	cf329ab1ae008ba17f3e696dd8b4a5ed8e57687a	03388b12f8125ac0f321984730a9906064f48f62	EXACT
resources/veld-node.ico	102586	e7ae5b87d47b8f88720d0ebe49ea51a08e3693044bc179512547f6d242d40fbf	100644	23fdbb70dad9e2d53aec059978f6fe8801f96ffc	03388b12f8125ac0f321984730a9906064f48f62	EXACT
resources/veld-node.rc	748	6cf10e38ac781c220c4689c8edfd94d228ca1737768f8a069012537de1ac85f5	100644	1b793a78ddd3b337083642f3227109b06b0c7739	03388b12f8125ac0f321984730a9906064f48f62	EXACT
resources/veld-portal-icon.png	234894	53a85e52236953dd5bc6167bd504aa9de727411be86de66398a91966057011f6	100644	526374fb3b91443a93accbff95bfd2379d94263e	03388b12f8125ac0f321984730a9906064f48f62	EXACT
resources/veld-portal-icon.svg	1137	7892c8591d0ab9d5c42837fa51bf436ffea00849d6b51d6edf09ac3e7cffb480	100644	cd9185ccf8a3e1667ce35c0c392f71ee99e7a0c9	03388b12f8125ac0f321984730a9906064f48f62	EXACT
resources/veld-wallet-icon.png	235617	decbbe6a00094c0977bebac25a0d15dc1d1eabc11b612c30f35ac4bc54861492	100644	141168dce90b5b1dc79130cdbd5e446b9f9af7a3	03388b12f8125ac0f321984730a9906064f48f62	EXACT
resources/veld-wallet-icon.svg	1159	8892180a65197d20d6574e51bee2060cb86f62185520d53671788816ecc2ac9c	100644	33596d8827b34a5d6d9737b62db3b577d631d4ac	03388b12f8125ac0f321984730a9906064f48f62	EXACT
scripts/generate-mldsa65-nist-kat.py	8513	bf995271d47654a972df770ad351f063771c9f678ae8c193b198061ed1cf30ff	100644	75d0b35c855e5b39258e2f124af7791d6782c75a	03388b12f8125ac0f321984730a9906064f48f62	EXACT
scripts/rebuild-pqc-wasm.py	9921	2b1ed987e49d28bc9ca55eaf992e10926f11ad83174d95cd523b75b7cf1ba4d9	100644	5cb3bee75c93c90ecdfd9d27f37757652eea92e3	03388b12f8125ac0f321984730a9906064f48f62	EXACT
scripts/rebuild-pqc-wasm.sh	536	ba6e9bad42c60047a900e3ab2cd79d75a1e7ad0934c679f7bfcb50a6f8db24e6	100644	3ac8d9cb18551ee6b182b3790012d66444fe05fb	03388b12f8125ac0f321984730a9906064f48f62	EXACT
scripts/verify-pqc-provenance.py	33342	e57e218f639fa78026183d080c91b4c4d375ce6b97d1ade390174816e93dca64	100644	98916acd92dc7e6f1c0dbf98d6c3fb21a799dc8f	03388b12f8125ac0f321984730a9906064f48f62	EXACT
src/veld-desktop.cpp	339659	bce24dcf311a0774da926b7ca0d39767c2b7d58b50ac4fa9096d51291a867f89	100644	3a860d7486eca0c39dfb94d84d14eb421f3fafa9	03388b12f8125ac0f321984730a9906064f48f62	EXACT
src/veld-keygen.cpp	74044	3b7d25b62076edf6a27826754d5e216537b6a7c922434e33843406b39ac5a47c	100644	bbaaed7203ff505d7b17ad9591b8c7e3ffabdff2	03388b12f8125ac0f321984730a9906064f48f62	EXACT
src/veld-miner-portal.py	139778	49eb1d342913ce045bab66cf355b13f4ac6857dac099efd2dab0002c33e367d2	100644	482c50a3dabd4b731d363b5856cc5eaa4d79a100	03388b12f8125ac0f321984730a9906064f48f62	EXACT
src/veld-node-gui.cpp	344255	df4d07e940a54352548a7fdff34cb28b24dcf1c846bf22677011c8e4bef242bf	100644	0e440f31127c32d54da8ce6b8abe1596303fb2b5	03388b12f8125ac0f321984730a9906064f48f62	EXACT
src/veld-node.cpp	217280	460499d37a78ab73046a7618080a284cb9b20569853dc7746e72f7487572da03	100644	61b9a96f45d723ac3501566dcd4092581f715869	03388b12f8125ac0f321984730a9906064f48f62	EXACT
src/veld-validator.cpp	81015	894896945fbe5be4e3d04165e0eeb1953885b7db9e4dc4f509b4c9c169307474	100644	bfadaab7489afef7b8a459bb6537ac46f251a815	03388b12f8125ac0f321984730a9906064f48f62	EXACT
tests/daybreak_amm_market_seed_tests.cpp	6004	8ce17e395f2488d09bc72a60dadab20b55f6ef80bdbedc2bb7324d0e42f5defc	100644	9a828a39e5412609fd227824815a1300bf4cd75d	03388b12f8125ac0f321984730a9906064f48f62	EXACT
tests/daybreak_block_template_authorization_tests.cpp	21000	2632eb349ce376817fc90240a298d24c4bdd167438cec2e71028b6efc63ba6cd	100644	239ce7023c26cc1a471e066445286caee0b8b344	03388b12f8125ac0f321984730a9906064f48f62	EXACT
tests/daybreak_bounded_download_tests.cpp	9237	e35b139cc26556e5f5ce3daedb6888ec6f5b69e08f0560e3a279f2b251708e49	100644	2dee699513c562f287bbb35b29184d5de75db7a7	03388b12f8125ac0f321984730a9906064f48f62	EXACT
tests/daybreak_connect_trust_tests.cpp	3069	11c3b4fb25ad31321bcf2db0e24fb9e2ed7c8e26428a17a314eaa8c95bf851fe	100644	56feddef3aba753aaab46d841d14c91ae717ccda	03388b12f8125ac0f321984730a9906064f48f62	EXACT
tests/daybreak_curl_config_tls_tests.py	6708	63455eb7c9b5e07fb11170b32fa312637544a506e2a22a034861bef0f330c18c	100644	b2229f312b22232fbbc702ea7da698ac5a75af1f	03388b12f8125ac0f321984730a9906064f48f62	EXACT
tests/daybreak_curl_executable_identity_tests.cpp	6176	42570995995353decacd5474b1528b9d6e94705dededf01878709eba4f61a819	100644	ccbfa97a21470f6a9399ce540db66b471d6749e8	03388b12f8125ac0f321984730a9906064f48f62	EXACT
tests/daybreak_curl_executable_identity_tests.py	5921	339b63b9e1f89fada01da5263f0f78ab99e774069dc6a79085f30e0e0c95892a	100644	95e7d75d840f8f7a00cfcf86fd451c78fc60fbc4	03388b12f8125ac0f321984730a9906064f48f62	EXACT
tests/daybreak_datadir_identity_tests.cpp	3925	c56f5ab244dd82b67264aec3911a79f5850cee4aa28bd5f7a82fe8c2ac6d7255	100644	f27474a0f7349ec8f8b09a2e4dc573bf1a11592d	03388b12f8125ac0f321984730a9906064f48f62	EXACT
tests/daybreak_desktop_rpc_transport_tests.cpp	7483	fbe75593352f777249b74a5eca76ba5c4b5972fb008f8a6981957c44d88ba890	100644	1c75f495e076f57ba129b6ae267c0d76e1d7dffa	03388b12f8125ac0f321984730a9906064f48f62	EXACT
tests/daybreak_download_server_tests.py	12620	0ef61701f365b95b60890f1e6adda2c1c8b0fca83278f429152a39c05ff650d1	100644	3b599f98b5e925ba9940c9b6400ef02755d46fe0	03388b12f8125ac0f321984730a9906064f48f62	EXACT
tests/daybreak_explorer_proxy_admission_tests.py	2567	cd4042bf0a70007c8eb75fea0389a592b16d5cbadb7677a46b0a87713a18d742	100644	16fc6ca2c5873c2e42ed051420d2877a380fea42	03388b12f8125ac0f321984730a9906064f48f62	EXACT
tests/daybreak_explorer_proxy_process_tests.cpp	8703	451c38eae4c51a4e024ae544134528ea5fb3c3eb60b63a5afb060b51b673c325	100644	f931415baec4649dbe9b123bee1354275f320898	03388b12f8125ac0f321984730a9906064f48f62	EXACT
tests/daybreak_explorer_rate_expiry_tests.cpp	5705	286a6c314bcd05d870ff0e7fd609f50b073138427bb39a03f94090afebaf01fb	100644	f314e9b6dba6343383bc689e91a052f5e0fdf58b	03388b12f8125ac0f321984730a9906064f48f62	EXACT
tests/daybreak_finality_compat_tests.cpp	3576	0d12a6559a1a6fe5c8df0eb2e1347619180205c08ccfd341be4f4c278fe7812f	100644	f5f4f3b50f79d5da3456422665eec932cc7bc858	03388b12f8125ac0f321984730a9906064f48f62	EXACT
tests/daybreak_finality_work_admission_lock_tests.cpp	6151	7fccb6048e8218a27472fcf668b62daf1503ddc2f421754c3f7aaa0ae900085a	100644	4661849814c0b9360f22d8541db702fd6e78a16d	03388b12f8125ac0f321984730a9906064f48f62	EXACT
tests/daybreak_generic_snapshot_profile_tests.cpp	3769	ec3650b89ff73092f003330076689cd3969e3404621dc9cb4e2856f9845f7795	100644	79f03294bea7566a75a02afa91eb52c96d909bbe	03388b12f8125ac0f321984730a9906064f48f62	EXACT
tests/daybreak_launcher_privacy_tests.ps1	2133	0ba87c39c970a5b0021c364dcd3873e741396de6216a0f88e714937981156017	100644	0c3bdc059b1d9ce5643e7d17cc8a99af52157e3d	03388b12f8125ac0f321984730a9906064f48f62	EXACT
tests/daybreak_linux_tls_deadline_harness.cpp	2686	d44be89c2463bda5bd5528bc1272ecd35a99cd6f202786e8ac80a8f46b07b529	100644	3fd8b7a70775364fbc91115518a26c111347ad36	03388b12f8125ac0f321984730a9906064f48f62	EXACT
tests/daybreak_linux_tls_deadline_test.py	11268	658b4c50428e4a35fa95e014c4808ad4b32425dc315fb53b46984492c76a6371	100644	8c652314de83a052a2230f914bdd214716a57a2c	03388b12f8125ac0f321984730a9906064f48f62	EXACT
tests/daybreak_local_work_path_equivalence_tests.cpp	24381	adf6beeee4dc4fc544a76d1e41f11c27bb6024e478f07ee8c73e264536c87f78	100644	ef70f290e5345503f1124d4393f6c1c06284d87e	03388b12f8125ac0f321984730a9906064f48f62	EXACT
tests/daybreak_local_work_ticket_tests.cpp	17717	27b04cff13be63899f24860c861c7c57d756db9ace4186efb255e65efeccc090	100644	8a719f641a29305814590d0f8ea312d05f447d5f	03388b12f8125ac0f321984730a9906064f48f62	EXACT
tests/daybreak_marker_profile_tests.cpp	2405	64a7916aac195415a45bfa4cc03e83d3be5ce2b4078a46936ca0de2845986483	100644	1007affa3024c479efa6b0f8ab14c4882b5eea88	03388b12f8125ac0f321984730a9906064f48f62	EXACT
tests/daybreak_mining_preflight_selector_tests.cpp	17612	4ded7671a10277f7e863b6ee8710bbb9c08f0a47dc418dc412f1760eb1825937	100644	1cafc54b83a7e912e9ea5f989aec10a6fe2a5644	03388b12f8125ac0f321984730a9906064f48f62	EXACT
tests/daybreak_network_identity_tests.cpp	2737	20dfb0c783923596e5c3fb0127407907b53d49a52cd15fdd2d8a8256aa95bdf2	100644	2c07f9cb99d4483cc50e414ddfe9b6b7fb3b5efa	03388b12f8125ac0f321984730a9906064f48f62	EXACT
tests/daybreak_node_token_dependency_tests.cpp	5284	cac0b1fc3163db723fac337bf93b94f4ff51aea320c05d1683e0fe6eb3d5a0a4	100644	92555d5f7550dd836109fb5675cee5b8e4a6d736	03388b12f8125ac0f321984730a9906064f48f62	EXACT
tests/daybreak_offline_signer_auth_tests.cpp	18033	4a1a9730643c49244217ccd3ed6dbd277b54b04111b369b859eae2e7c26a5c12	100644	bd3152462400061f5c7a1ad450d3149f4c1cb86f	03388b12f8125ac0f321984730a9906064f48f62	EXACT
tests/daybreak_offline_signer_process_fixture.cpp	25341	f0ff503759ed04ae644234415425667c43fabdea7339ebaa6c62ee3c0c8c45c9	100644	89aa9bddfef4ae616f8aa360f22126b0df846c1a	03388b12f8125ac0f321984730a9906064f48f62	EXACT
tests/daybreak_offline_signer_process_tests.py	13441	21b82ac634c4f031fe1ccce85284479636c82c91da8683491cb3d5587b784928	100644	ef8c8bd01b363112773209298dcc133a1e7ac70c	03388b12f8125ac0f321984730a9906064f48f62	EXACT
tests/daybreak_peer_work_view_race_tests.cpp	26636	4c9e1f66c163df23f43582043c0bca8b1b8f49fd63d994e47854e81250a174aa	100644	1c309690264152e0104f9c3c43ea69a81dafc174	03388b12f8125ac0f321984730a9906064f48f62	EXACT
tests/daybreak_phase8_deadlock_process_fixture.cpp	10677	371dc0ed1393d086cc6284c28880247c480ccd151ea1b20b5baebb6f20c9e8ff	100644	a1621b4561ee97d674835c331b53f6743e20ede5	03388b12f8125ac0f321984730a9906064f48f62	EXACT
tests/daybreak_phase8_deadlock_process_tests.py	6242	9b1e04b378beee13389dfcb2280e49e8e9e3be4a1b7db75e4b222eb25a1071f5	100644	f3e88b608271e2acd77413e63e310779041f8ee8	03388b12f8125ac0f321984730a9906064f48f62	EXACT
tests/daybreak_portal_admission_boundary_tests.py	11029	e5d8a71e4898ec3337a7d88a22850f0479d738190204c3c4a7b83641d8678174	100644	86e2020deab5c901878ab73c1d438beb4c833588	03388b12f8125ac0f321984730a9906064f48f62	EXACT
tests/daybreak_portal_rate_tests.py	8142	a81a4df4d7f54c285f69354946323f0c5f0191d6bb640b6fa339d2a207f46a5c	100644	3c0e438bd33de8c709c91d0c2acb59dadebcb3c8	03388b12f8125ac0f321984730a9906064f48f62	EXACT
tests/daybreak_pow_reorg_admission_tests.cpp	15023	a6d7fba5770266635cf6dea2b706fd7fecafb72eb3b79040d7995d180c08ff1d	100644	c085bd371736505a4c3a45ad9aded98a77a2d494	03388b12f8125ac0f321984730a9906064f48f62	EXACT
tests/daybreak_pow_side_quarantine_lwma_tests.cpp	26084	736c2046381322bb6518401b3419affa912e2f7f0f8e37cf6ce68ab427612088	100644	a1a58c0a28c83f01bdcb9cf01306ed8aa31a225f	03388b12f8125ac0f321984730a9906064f48f62	EXACT
tests/daybreak_pow_target_admission_tests.cpp	11934	9b8395f224e0e13d5a6100650bdb8f8f5da4706dfd369ecacdb51c2f1bf56076	100644	6b60aa405fccd489b74f6649ee0122994e7661dd	03388b12f8125ac0f321984730a9906064f48f62	EXACT
tests/daybreak_pqc_provenance_tests.py	11662	01c5fc231955906cb45395fbe7cb43bede88f36f88d1a6b71a4187d4ccee71ad	100644	3bf82a5b47ff5cb293117b9c05de0cde53820dce	03388b12f8125ac0f321984730a9906064f48f62	EXACT
tests/daybreak_proxy_topology_tests.py	12088	62a76518a927272a0f4bcc3c657be0bf7504d8409fb3d703019253f3e7a8e0e4	100644	78544eddde9ee9121d8dcfe5169e8402e7a97cd1	03388b12f8125ac0f321984730a9906064f48f62	EXACT
tests/daybreak_public_history_disabled_max_block_tests.cpp	9210	91af983083b679c47506ad4dc4664b59f7da5bd12959d55873f29416c21f46c3	100644	35dc7a3fcc6a8e0cebf40098d13d46868e2c4055	03388b12f8125ac0f321984730a9906064f48f62	EXACT
tests/daybreak_public_release_reductions_tests.py	13275	96c83d8aeb6a303a93bc3fc5db9968d8a86d021ba0c198d2dc2268af94ef62f8	100644	3872bdd11d307d8233b0b13ee0bf2cd0e623f885	03388b12f8125ac0f321984730a9906064f48f62	EXACT
tests/daybreak_punch_tests.cpp	11130	ca397689aadd0d71c376e26adf2159e8812a5bc4fa5ceaf1c6930db5b33b39ed	100644	5a8f6e70e5b2a71b8b2eb4b7172df8f91925fba4	03388b12f8125ac0f321984730a9906064f48f62	EXACT
tests/daybreak_regtest_profile.h	567	99d79f4c8309f7a90112edc95290d6973c6c99b91e60a30cc786e9932de8326f	100644	d34bb2209f9a71bb64ff4da2835b93a81459d4e3	03388b12f8125ac0f321984730a9906064f48f62	EXACT
tests/daybreak_release_controller_oracle_tests.py	3124	a5314133697d74edd464060df9b07dbdecde182c3def4d8e32c4b2d07a3edebd	100644	a2eac11f2d7acb4b5a3e5c3441314fb7844ea6da	03388b12f8125ac0f321984730a9906064f48f62	EXACT
tests/daybreak_reopen_ledger_tests.cpp	12417	a5a7f1fc7c9176ba2dae9f3aa3503d3daab5d22071383c4e5b0efc1d7d448277	100644	8ab3fdaf7d20c903d78493d35f3484eef02ceab7	03388b12f8125ac0f321984730a9906064f48f62	EXACT
tests/daybreak_reopen_parity_tests.cpp	14108	bae2156d6298a0e99f53d95fb215953068ad7d20e32c8ac3b4052cd5c23d2ee7	100644	e794bb359ab65c711b461e0ebf786637125c552f	03388b12f8125ac0f321984730a9906064f48f62	EXACT
tests/daybreak_reserve_process_replay_test.py	1489	ba260d80b9c91a9b9a41907360ff5fce50faaced8c8cc0ec388688d454e66280	100644	21b3fd4bf2e94ccfbada094ed8ad4d3190bbbb98	03388b12f8125ac0f321984730a9906064f48f62	EXACT
tests/daybreak_reserve_tests.cpp	90541	febe6d699092c82f7d5732473bbac2afbfb3e28e080cbc8e2f1ec24bd2ac8239	100644	f7abedda1647deac4dfd67d1f7a2a8205bc94773	03388b12f8125ac0f321984730a9906064f48f62	EXACT
tests/daybreak_rpc_http_tests.cpp	6634	40a6a6e7f4f9e897285536f932cd13ec6bec28ead0aa836756f2ea356bd2dac5	100644	49d33f3e67a9d6f34ea3c2bdc7461159b2de444e	03388b12f8125ac0f321984730a9906064f48f62	EXACT
tests/daybreak_rpc_preparer_auth_tests.cpp	30077	e233664d75255b6245f0cda36f253fefe58a54d775d505e01442b2a2167b6ad3	100644	5789e5451aac7520bdd7fc4fca244a2ee4229d0b	03388b12f8125ac0f321984730a9906064f48f62	EXACT
tests/daybreak_seed_import_linux_process_tests.py	9115	884639b76dcc6b376d7cb4f8bd58e6e3c2b75e4d30f08753641cb75b16671ccb	100644	7804101cacf25f9462b55052df18e9dcad5f1d54	03388b12f8125ac0f321984730a9906064f48f62	EXACT
tests/daybreak_seed_import_windows_process_tests.cpp	19147	a171afa7af8dd96ac79aabb6442cd0e60ebcc6ca8c7d5f361a2f5d61bc72af11	100644	bf7dbbd4106988663d6c2086883c89561253f534	03388b12f8125ac0f321984730a9906064f48f62	EXACT
tests/daybreak_seed_lifetime_source_tests.py	3702	f036eddfa557b5f69e08378b9ec9b4d38fc7560dcc172fb3219e67c31abc821f	100644	edc50ec09585837e494f3af96e98d31f8051dfd7	03388b12f8125ac0f321984730a9906064f48f62	EXACT
tests/daybreak_self_signed_tls_process_test.py	2995	a2f8cd737d3be1f788d53ce5b709ba43629970b6e82cab19da954c369e1211a9	100644	7c44cc5f3857881144ba66763b382225915397a5	03388b12f8125ac0f321984730a9906064f48f62	EXACT
tests/daybreak_signing_policy_tests.cpp	14585	1f9f5fd8e46ff5b8ab09a2325ca52a716dc8157a7d02ac82ca6fb895ef5063c5	100644	ba6ae2e1aa1d15d6883ac7c439879619ad682638	03388b12f8125ac0f321984730a9906064f48f62	EXACT
tests/daybreak_staking_activation_tests.cpp	1989	9bf1784c0b1bb1510f475462311fff91ddd15dd5cd4541b17b27ebcbe31046fd	100644	ca20c4009bab3a0f068c6268b5c332d07eca0fd1	03388b12f8125ac0f321984730a9906064f48f62	EXACT
tests/daybreak_tor_safecookie_tests.cpp	18542	38d5b44290d90e0cff0e6786a3ae4829385cef8743076295395af4dd03293320	100644	41bc989a84b2c886ab61d158f542c85bb1b55907	03388b12f8125ac0f321984730a9906064f48f62	EXACT
tests/daybreak_tor_stream_extract_tests.ps1	10436	9e8267e0f579ba3ab8ea643cbe7f8955ce26eac716528b2fc0ebf93966d9a5a7	100644	40a6f319dff24eace9719676d42256ba560b6f4e	03388b12f8125ac0f321984730a9906064f48f62	EXACT
tests/daybreak_trusted_proxy_tests.cpp	3681	b7bd82f7ad3573ac6954ac563e767c75f07e6112d22e043510c67c8cc97fc979	100644	00b3c06a4a292ca4779e610761d88d315012342a	03388b12f8125ac0f321984730a9906064f48f62	EXACT
tests/daybreak_updater_archive_tests.ps1	6652	acdf8abf2f18dd94b4411c214d885c43160ba7c565b609aff3618d5b32f5878f	100644	ae996653e1e9b318c18caaba44983a861996073d	03388b12f8125ac0f321984730a9906064f48f62	EXACT
tests/daybreak_updater_metadata_boundary_tests.ps1	5442	34087f89416def3b12bb5fa074d4fa6fa3c7a8e65ba71fb2aa66b0ca5982057a	100644	574a0c2a3cc8382190fc21813ea43f017498a7b8	03388b12f8125ac0f321984730a9906064f48f62	EXACT
tests/daybreak_validator_endorsement_binding_tests.cpp	10027	4166a41197f8918ee669916a9dcc35f6b7dd69e2574615ab90057d4e768bbc59	100644	35160aefab09e3b2c4ab4e7876770a1bde1497db	03388b12f8125ac0f321984730a9906064f48f62	EXACT
tests/daybreak_version_identity_tests.cpp	1482	9694afd5b8138b01931ac53d67ea774c6c64042842002bd98ecf84c58b2cc7c5	100644	c0d906b5a3f8a5b2a6fa4c6ff95cbee90ab0860f	03388b12f8125ac0f321984730a9906064f48f62	EXACT
tests/daybreak_work_admission_coordinator_race_tests.cpp	22390	19fbcafd0a9477c4172310503c9214c678436e1de8d190e669fb26e07ca78674	100644	5417153c937a1ba773335dc5a09f3a9e6c9ed968	03388b12f8125ac0f321984730a9906064f48f62	EXACT
tests/daybreak_work_admission_coordinator_tests.cpp	21800	c375d1caccf0101a9d98d08c66863fd0777674ba36b4d4c38f038659ba0b5cfa	100644	7d64b96ddde28a4531d7a12fb0553ac96a6a8f1e	03388b12f8125ac0f321984730a9906064f48f62	EXACT
tests/daybreak_work_admission_process_fixture.cpp	86546	9083b084b0e8bb9a93fae39de1286ceee95dc0e8b9a1c51ffa353f679a05122b	100644	224b48c39802ef2b61b0be13d80e1078fdbe6292	03388b12f8125ac0f321984730a9906064f48f62	EXACT
tests/daybreak_work_admission_process_tests.py	23163	30fd1626086f4ffaa420d2a5c33fbbc43ccb51e18b6572397e3bd87ab38c8bb8	100644	e09762f82dff3e208352611e2c064ae809fdbe89	03388b12f8125ac0f321984730a9906064f48f62	EXACT
tests/daybreak_work_admission_sink_race_tests.cpp	13735	ed1c6d6d3bc5f1d5f64135e21dfe34ba203e91f0ac9ce8ed097d86f91bf250ea	100644	c0de14c035672dc0307a9996d75fbb5bfad8b295	03388b12f8125ac0f321984730a9906064f48f62	EXACT
tests/daybreak_work_admission_tests.cpp	6125	f46ad84cda42ae18e9361a3149effb9d8d7faa41624a99f4e93e4ae600e56028	100644	b4f1ecb95651f1327b59d95e748b0c7f74edc916	03388b12f8125ac0f321984730a9906064f48f62	EXACT
tests/fixtures/rsv_rtp1_inclusion_01_A.hex	14301	274bb9263a7e2ff12c6eca10c22ffc900dc976f528f022274734beaf4af55697	100644	293870cfb64a384092da29065babe22d9fac6de0	03388b12f8125ac0f321984730a9906064f48f62	EXACT
tests/fixtures/rsv_rtp1_inclusion_01_B.hex	15701	905a58215b9e873fc4e110550725fb4cdfe83953d73e83f147182e5f29cb1932	100644	58201adc8bdcb39104ac0488e3231529ac991a09	03388b12f8125ac0f321984730a9906064f48f62	EXACT
tests/fixtures/rsv_rtp1_inclusion_01_C.hex	16523	18dddd1b655e8e23e52b4dba6637bc02ae3a84a8a3317e3b9b1c3a30fe2e1117	100644	a444257466dbc7a5808372e8a1b52d4cbb5b50ea	03388b12f8125ac0f321984730a9906064f48f62	EXACT
tests/pqc_wasm_smoke.js	1859	7b82219bdad5e2a9558f7d22877a35c37eecc5e6b40424ff4fe697c486c2d1df	100644	3f375da4da76b44aa104cdaf610b410c07c4f9a4	03388b12f8125ac0f321984730a9906064f48f62	EXACT
third_party_licenses/Bitcoin-Core-MIT.txt	1142	b028769f3852a9368ab10bd754ff01ebb741f84a2fa658c9aff82a631bc6ecfc	100644	89960cbf2f221a29852ed162b25bda2afc0b2dd6	03388b12f8125ac0f321984730a9906064f48f62	EXACT
third_party_licenses/Emscripten-LICENSE.txt	5093	620a78084fc7ca97c0b5dea9abf891f3ffcadfdbf305276f099c9c4e12fc1d86	100644	70cabe388d27da221bd769c50b427a35354f4f1d	03388b12f8125ac0f321984730a9906064f48f62	EXACT
third_party_licenses/jsQR-1.4.0-Apache-2.0.txt	11358	c6596eb7be8581c18be736c846fb9173b69eccf6ef94c5135893ec56bd92ba08	100644	8f71f43fee3f78649d238238cbde51e6d7055c82	03388b12f8125ac0f321984730a9906064f48f62	EXACT
third_party_licenses/qrcode-generator-MIT.txt	1071	3a850fa5f08101db6f40676c2786e10bd2cd5fff7b12ffdf1e0c434d4e49d90c	100644	150770c0fc2994865ccdbef6662735cc083e780d	03388b12f8125ac0f321984730a9906064f48f62	EXACT
third_party_licenses/Terser-5.37.0-BSD-2-Clause.txt	1303	901d0a7fcaccaae9917d165039c0473c354e5da2e0e94140dde67aad9ffb19da	100644	3b07e946dcbb311d8cf4f3e35fbcd4ab419aa17e	03388b12f8125ac0f321984730a9906064f48f62	EXACT
vendor/pqc/dilithium_wasm.js	63671	1487789537d80a584b2745132c86bdc8b8f40800359e1500757aa81ec17031df	100644	576a06e5518ae0f69c3c7e6744c97955a851e258	03388b12f8125ac0f321984730a9906064f48f62	EXACT
vendor/pqc/fips202.c	29026	4871baddebf2d4771d86b5088719123e2e43addce1a3c0eca75b4d18970ffc1f	100644	a18d1db1f976a16894ac08bac8ccd8baac1dc3ea	03388b12f8125ac0f321984730a9906064f48f62	EXACT
vendor/pqc/fips202.h	5566	bf99a54bc1988380418054a18bd5a14d059770e70c1aac23b6d9c914539168e0	100644	0dd0ff2e030a5bbcf9a31e1acbc5d72132bd7862	03388b12f8125ac0f321984730a9906064f48f62	EXACT
vendor/pqc/mldsa65/api.h	1797	9a52812131eb17f815fb742e85dc676f7c822450caec9195aa79a61ea57cea30	100644	8752f56499b6f2bed54e6ae0706669f609df65ac	03388b12f8125ac0f321984730a9906064f48f62	EXACT
vendor/pqc/mldsa65/LICENSE	210	5d7798eec4d8c8ef0a72dfe805ec54dfd7b212d3928bf9695fda4095d22829ab	100644	08473af75edae6fe9a8d888af14dfc0e16e45891	03388b12f8125ac0f321984730a9906064f48f62	EXACT
vendor/pqc/mldsa65/Makefile	535	7485e613bc5344c58bae93b448c5b1dde6f80983b5b35a1808fef3ebc7efe24a	100644	dd20dec60c1a564e1fb21dc9fb64135936bf17c8	03388b12f8125ac0f321984730a9906064f48f62	EXACT
vendor/pqc/mldsa65/Makefile.Microsoft_nmake	780	1079f59845106a0e8ad64dc7bb43c2d0d4235e303c2c651769f1088c8e184947	100644	b7ecf031130558f224f97130c7d25c442a410752	03388b12f8125ac0f321984730a9906064f48f62	EXACT
vendor/pqc/mldsa65/ntt.c	4838	5b996157805d2b5b6ac83b57af350e42397d409c859c80e41cb011365325cc41	100644	7a1317480989b86c5d9328e6b147164ef7eb9ce6	03388b12f8125ac0f321984730a9906064f48f62	EXACT
vendor/pqc/mldsa65/ntt.h	224	8858cc04b1a2b4bd66b16d29454f2f26b1a66eee25a63f16c6dbbdc40e6f5ea9	100644	7f72beddf43c429e17c55127bb37e2ec9eb3402f	03388b12f8125ac0f321984730a9906064f48f62	EXACT
vendor/pqc/mldsa65/packing.c	8482	39050b86013556909cfcf09fa16c38ea7e0f324300d60e678dd4bcbabe037ef5	100644	b0db97fb3f81284939d7df676795b5f5b407ce9f	03388b12f8125ac0f321984730a9906064f48f62	EXACT
vendor/pqc/mldsa65/packing.h	1618	2242c5b64ec063c6be015ade9d40df27d1088d3a87ad30ac8cb1bd3cb2434eb5	100644	3cebb0cc80a51e7a10ad52f4e71b3f1069534d9b	03388b12f8125ac0f321984730a9906064f48f62	EXACT
vendor/pqc/mldsa65/params.h	986	9a8cbfeb0f0573d8e0bfe1bd14ffaf0e342ba1adf48d09b49f9d5f4b7eab6928	100644	415e26a13718b17a5b254ad7649df43348ccca77	03388b12f8125ac0f321984730a9906064f48f62	EXACT
vendor/pqc/mldsa65/poly.c	28456	d4b88b41ba9754a3ba09db2722d0ac86131e5d312e3dada63cba760740989def	100644	a5a5e751375591c14b36d24523be7aa0d5e3667a	03388b12f8125ac0f321984730a9906064f48f62	EXACT
vendor/pqc/mldsa65/poly.h	2179	a71de330d5a896f89094acbdfd96546b91ab10330d0cf4229d85a653c95013c1	100644	35e9a97fc654edb1a0e314172f9f78b83331312f	03388b12f8125ac0f321984730a9906064f48f62	EXACT
vendor/pqc/mldsa65/polyvec.c	14770	71becebe740254b33da42ceeec0b83223bf17fc3353ce1523b52a295a77a1569	100644	3ed1eafeb3c08a33239b82a0fefeaaab237c43aa	03388b12f8125ac0f321984730a9906064f48f62	EXACT
vendor/pqc/mldsa65/polyvec.h	2626	c0cbfb2c9082f63777fd1f8feeb187faf7b6b6153e8e5454243340430dcc4069	100644	c51beb77d0005ad552adb9f3eeb92333d952ec95	03388b12f8125ac0f321984730a9906064f48f62	EXACT
vendor/pqc/mldsa65/reduce.c	1941	a5e8f91cfd93c551b7573eb6dc76db04fa5e94c68ec87cfc0e35fadd5bddab8e	100644	4a3ffc8b237545fd8b435dfff248e24ec971c6ee	03388b12f8125ac0f321984730a9906064f48f62	EXACT
vendor/pqc/mldsa65/reduce.h	416	1fb6330353027ea3f846fb0238c92a4a84bbbcb9bf94ad96bb90afcc1942f149	100644	078608e00d5a6f31f61df56c6d8cc72c359272f9	03388b12f8125ac0f321984730a9906064f48f62	EXACT
vendor/pqc/mldsa65/rounding.c	2758	e9d14eeb963064239f76a53a7a4f6bcdf9443d1c3945f2700ac0e812739cb943	100644	63a8758e5a0f0674370e909c8df1102297e4d210	03388b12f8125ac0f321984730a9906064f48f62	EXACT
vendor/pqc/mldsa65/rounding.h	406	144965279a28f50e25014888854a2ad0aeede1d7ec20f263603f8dcb707cab5d	100644	6cae5f50c055151d48102d5906c62a6375a522b9	03388b12f8125ac0f321984730a9906064f48f62	EXACT
vendor/pqc/mldsa65/sign.c	14517	ea9eba60abfdf0b66a1ba895d3247ac2d999ca8afcc83c8946ed35f87b7b2c48	100644	0e82a174b7c488cebc80f00e8c7e471e741725fd	03388b12f8125ac0f321984730a9906064f48f62	EXACT
vendor/pqc/mldsa65/sign.h	1637	a8d2d12690ada6129c470e9a04417b0b59b6d7402283eb6a4a9033cb9b0ab97f	100644	a97b48a1e312b25190524efff09b94f5921a28d3	03388b12f8125ac0f321984730a9906064f48f62	EXACT
vendor/pqc/mldsa65/symmetric-shake.c	814	688d85949cbfb3307135fede18dca46fd40b07e8a2e65ce05d599050af222ab1	100644	c0feef898f07867f3706548245d815f192cf6cb4	03388b12f8125ac0f321984730a9906064f48f62	EXACT
vendor/pqc/mldsa65/symmetric.h	1235	e89fb0432e8eb80b0088ae5f756dee656baccd9ce83645b9e9eeb1a099eeaa91	100644	7ce99d2e1d829702630a98616abe0ee883ff8ee9	03388b12f8125ac0f321984730a9906064f48f62	EXACT
vendor/pqc/mldsa65/veld_seedgen.c	2338	77cc2ef1a766feda8d6cf529fda544f65b56d084f2a49984c6d6532f51bfdaab	100644	a7845ee65ba6798ce3bf2be89fa253e82f8f5067	03388b12f8125ac0f321984730a9906064f48f62	EXACT
vendor/pqc/mlkem768/api.h	655	1d19ed89d16fdb47254df9ebf24ab21de24af08079b8f205262c2d40ad634d18	100644	4d2fe6b4c5ed401d201efd5558daee29c8ff75ef	03388b12f8125ac0f321984730a9906064f48f62	EXACT
vendor/pqc/mlkem768/cbd.c	2699	c00b39d8a7a1523630976fb17bf6f23a2fe949465396976d45f49cba5ad3e9fa	100644	4cbafa60dad5f0f2acb1f7aca65211bb7fcbd70d	03388b12f8125ac0f321984730a9906064f48f62	EXACT
vendor/pqc/mlkem768/cbd.h	336	7310996b7838250b187627cb9da5cf2d1d0fe2abb966644e769237d93353f07d	100644	235acfa181f12323e591eddf9f37848eaccfe848	03388b12f8125ac0f321984730a9906064f48f62	EXACT
vendor/pqc/mlkem768/compat.h	2501	af180f65d6c77f4ee2745d12e2e9bf4d3917228e8a9bbd28dc351734f72840ff	100644	cef5e1469787f700a52027abab9526392fe3920f	03388b12f8125ac0f321984730a9906064f48f62	EXACT
vendor/pqc/mlkem768/indcpa.c	13045	094209bf4ce8b2d857846c8378708156e1d37c1ed4ad90678ac95f4a5950614b	100644	3b03a70d2fa4f33e848cb831de14a143d3b94749	03388b12f8125ac0f321984730a9906064f48f62	EXACT
vendor/pqc/mlkem768/indcpa.h	991	785e637c9a56d0b6a031a65548b8c3eea0b55777d1424e0c2da373b057758eb2	100644	17d338e08d0e65e6539e57162ea58ba4886d10ad	03388b12f8125ac0f321984730a9906064f48f62	EXACT
vendor/pqc/mlkem768/kem.c	6447	f5f3f5c8c7646479923b7a978fa963d894e020917fbe9135812691b15f21f010	100644	50bf36d7f87db7150ca1fd498c116aafcfab6901	03388b12f8125ac0f321984730a9906064f48f62	EXACT
vendor/pqc/mlkem768/kem.h	956	529e8d3ce89517489827fc3eef3339bab85176a13e6c5904e0f6ac2a2ef57aad	100644	255355878535efef192cd909a58613715e7a9937	03388b12f8125ac0f321984730a9906064f48f62	EXACT
vendor/pqc/mlkem768/LICENSE	210	5d7798eec4d8c8ef0a72dfe805ec54dfd7b212d3928bf9695fda4095d22829ab	100644	08473af75edae6fe9a8d888af14dfc0e16e45891	03388b12f8125ac0f321984730a9906064f48f62	EXACT
vendor/pqc/mlkem768/ntt.c	5451	c8ef4f66d14f3e3bb40643d1f066d187d55a30008211ffcfbcfda022118c7b97	100644	57942833d7be76cb0c4fc3cfecfc567d17473a00	03388b12f8125ac0f321984730a9906064f48f62	EXACT
vendor/pqc/mlkem768/ntt.h	388	d88d9713017aef62c08b248d14895420f386fdb064fc5112587c2d24575dc2ad	100644	bb9d7129a79724d8e740dc50021964ce30730548	03388b12f8125ac0f321984730a9906064f48f62	EXACT
vendor/pqc/mlkem768/params.h	1108	67af238b14774e430d933b1a2873834d98d5555f2b578e2765f25f94416adf8e	100644	6bd88e35dabf32a003c5f66a9690542d84e11dcf	03388b12f8125ac0f321984730a9906064f48f62	EXACT
vendor/pqc/mlkem768/poly.c	11390	94937bc6f82c7b57ee17d0c721780812d264be73fa0b2b83a79e2a9b690ddf05	100644	cf0199085056ed8dd59cfc21997a9f427f3b09dd	03388b12f8125ac0f321984730a9906064f48f62	EXACT
vendor/pqc/mlkem768/poly.h	1542	8367e5a190368435f6e234f4b6e4ace41bfd4b8c82377680b806077885b74c5d	100644	d286a39a174c4cd2c6ec9569ded15024f37e11e3	03388b12f8125ac0f321984730a9906064f48f62	EXACT
vendor/pqc/mlkem768/polyvec.c	7261	de5e2509f02d6e267fd0d834494c742e1964ae8defad853486bfe78ffec7acb2	100644	bb17d2da5c9a51fa31ffd5db79911032f6ab736d	03388b12f8125ac0f321984730a9906064f48f62	EXACT
vendor/pqc/mlkem768/polyvec.h	974	85d706d8114d9697f5428f0da187a57ec67c7e626f50a4de48c693f653b2cf34	100644	9f8da5dc635ef71230e06ee7fa98e7cf90641d0e	03388b12f8125ac0f321984730a9906064f48f62	EXACT
vendor/pqc/mlkem768/reduce.c	1390	df8cc0ea0a9b357fc5649caba850baecaa260b166e89abf598e3ef52a79f06e9	100644	a2ecba6aaf2149b9fa238bbe1002d3b23ef4df1d	03388b12f8125ac0f321984730a9906064f48f62	EXACT
vendor/pqc/mlkem768/reduce.h	323	2e942c482bedfb126b3f38ba1f7e4f5c339c24773afd21ec8b5e2b8bacd2fe8a	100644	1b2a09e48692657d21585595322d7f033cf0da10	03388b12f8125ac0f321984730a9906064f48f62	EXACT
vendor/pqc/mlkem768/symmetric-shake.c	2910	aea6e14d0e83429569cecc8cdddb4122ab5d3bf3dae83964c9daf5264fb62ac0	100644	09ccdabf984b4b88229693698d3d5ce352609f4b	03388b12f8125ac0f321984730a9906064f48f62	EXACT
vendor/pqc/mlkem768/symmetric.h	1275	a8c0a0d440fd9baf43a1be8d4ef64c275433f150e9ab76a037835e495f7fbe7e	100644	1ce26a6cf5c063cd28546f45d8df447df6bf14f9	03388b12f8125ac0f321984730a9906064f48f62	EXACT
vendor/pqc/mlkem768/verify.c	2219	8b32c676ba3e7687cbfdf6e785f3be1a53323c5b3dbce6787a671917628cdf37	100644	7727c003c3334a52ebf952500f205dfd215eedb7	03388b12f8125ac0f321984730a9906064f48f62	EXACT
vendor/pqc/mlkem768/verify.h	396	64e0ae3578f60a1da91179d8a413723c19730486ac13bfc58fddb402d8a82ec2	100644	64d8203b9efb82668da1602d2fe630026110e8de	03388b12f8125ac0f321984730a9906064f48f62	EXACT
vendor/pqc/PQCLEAN_VERSION	1570	90d11b55fda3b600b4c79974bcbfada09f0ded97f4a84481d96b9d7571fd9f51	100644	dd95cceed721910c1f4994f6fafe78f3ad5cb7d7	03388b12f8125ac0f321984730a9906064f48f62	EXACT
vendor/pqc/provenance/PQC_PROVENANCE.tsv	16353	f6be25470e15451405f9fdbf41605e117226f5e0cddbf6f287b4c44fb7c5b636	100644	cb772a821029b1b7ae6c9efcb365bb1f1fe25e1d	03388b12f8125ac0f321984730a9906064f48f62	EXACT
vendor/pqc/provenance/README.md	2968	b9780c560314ef8b8ca03b19593ba8f18b44181d10099d92640fad9d87a30128	100644	35f9780eef340804b14df0aa28fc4d25059d9033	03388b12f8125ac0f321984730a9906064f48f62	EXACT
vendor/pqc/provenance/release-c-sources.txt	430	ee845d4ff29568c30870bbca020f9b0de91075748c70cb56fc030a6afbd36203	100644	1630d2a155cf7b73b4d5919d436d79da1a250bd4	03388b12f8125ac0f321984730a9906064f48f62	EXACT
vendor/pqc/provenance/TOOLCHAIN.lock	2357	b00fabf79285246e8adb863bea084ba0a55835cb4c5fbcebee12c13819a06271	100644	a7f53e78879f633b142a329f27700fc2b846860b	03388b12f8125ac0f321984730a9906064f48f62	EXACT
vendor/pqc/provenance/vendor-patches/0001-mldsa65-sign-constant-time.patch	700	01bb6aecbfbfcfd5adf8d7e72606caa1639e2e8dd4aee20907545ddad9f16f54	100644	aed32130ad2b2684f0afc908105f602e054ad67b	03388b12f8125ac0f321984730a9906064f48f62	EXACT
vendor/pqc/provenance/vendor-patches/0002-randombytes-fail-closed-webcrypto.patch	4503	89369d7374c0097c5a17f910c5b4f54a670571baaf02c22b4bbaf90c2e6bf4f2	100644	d4c37a8ca28bfdc38e616ed28e3e80e50eca8e9a	03388b12f8125ac0f321984730a9906064f48f62	EXACT
vendor/pqc/provenance/vendor-patches/0003-mldsa65-veld-seedgen.patch	2577	e68e28b7e0eaef7c490fb9e2d1019af962f510fe3b3880c229764a71580c4dc5	100644	1d860220f7b5237462cc70e869a7f79a0dabf923	03388b12f8125ac0f321984730a9906064f48f62	EXACT
vendor/pqc/provenance/wasm-rebuild-attestation.tsv	692	21f5efc0d270427e9bcb34ffc488b380446d2683fc5481a17efe3062bffd4670	100644	4cdda29a6b36193414c98fefce74ac1e49010061	03388b12f8125ac0f321984730a9906064f48f62	EXACT
vendor/pqc/randombytes.c	12477	56e3eb7ab28879bd680b31eaea853beb80bbd000b0063cd0d96dd1827730f61e	100644	be54368cb5e8cc2ff729fb677d71b4e5b508c505	03388b12f8125ac0f321984730a9906064f48f62	EXACT
vendor/pqc/randombytes.h	450	7ae401d4d5eeb41bfa738d1281d57da3f78f915ca94388d89f4f33cbe6a3fe1e	100644	b98761cfaecd6e4566d010301ff53960939ce1ce	03388b12f8125ac0f321984730a9906064f48f62	EXACT
